-- phpMyAdmin SQL Dump
-- version 4.8.5
-- https://www.phpmyadmin.net/
--
-- Хост: 127.0.0.1:3306
-- Время создания: Дек 12 2023 г., 10:35
-- Версия сервера: 10.3.13-MariaDB
-- Версия PHP: 7.1.22

SET SQL_MODE = "NO_AUTO_VALUE_ON_ZERO";
SET AUTOCOMMIT = 0;
START TRANSACTION;
SET time_zone = "+00:00";


/*!40101 SET @OLD_CHARACTER_SET_CLIENT=@@CHARACTER_SET_CLIENT */;
/*!40101 SET @OLD_CHARACTER_SET_RESULTS=@@CHARACTER_SET_RESULTS */;
/*!40101 SET @OLD_COLLATION_CONNECTION=@@COLLATION_CONNECTION */;
/*!40101 SET NAMES utf8mb4 */;

--
-- База данных: `studfront`
--

-- --------------------------------------------------------

--
-- Структура таблицы `game`
--

CREATE TABLE `game` (
  `id` int(11) NOT NULL,
  `version` varchar(256) NOT NULL,
  `chat_hash` varchar(256) NOT NULL,
  `gamers_hash` varchar(256) NOT NULL,
  `update_timestamp` int(11) NOT NULL DEFAULT 0,
  `update_timeout` int(11) NOT NULL DEFAULT 300
) ENGINE=InnoDB DEFAULT CHARSET=utf8;

--
-- Дамп данных таблицы `game`
--

INSERT INTO `game` (`id`, `version`, `chat_hash`, `gamers_hash`, `update_timestamp`, `update_timeout`) VALUES
(1, '1.0.0', '8b4c78eac40944896eaef63ea53a908e', 'f77db2fe395e0666297c622a93603b76', 1702365760, 300);

-- --------------------------------------------------------

--
-- Структура таблицы `gamers`
--

CREATE TABLE `gamers` (
  `id` int(11) NOT NULL,
  `user_id` int(11) NOT NULL,
  `person_id` int(11) NOT NULL,
  `status` varchar(256) NOT NULL,
  `x` int(11) NOT NULL DEFAULT 0,
  `y` int(11) NOT NULL DEFAULT 0,
  `direction` varchar(256) NOT NULL DEFAULT 'down'
) ENGINE=InnoDB DEFAULT CHARSET=utf8;

--
-- Дамп данных таблицы `gamers`
--

INSERT INTO `gamers` (`id`, `user_id`, `person_id`, `status`, `x`, `y`, `direction`) VALUES
(1, 1, 1, 'stand', 0, 2, 'walk'),
(2, 4, 1, 'walk', 22, 11, 'walk');

-- --------------------------------------------------------

--
-- Структура таблицы `messages`
--

CREATE TABLE `messages` (
  `id` int(11) NOT NULL,
  `user_id` int(11) NOT NULL,
  `message` varchar(256) NOT NULL,
  `created` datetime NOT NULL
) ENGINE=InnoDB DEFAULT CHARSET=utf8;

--
-- Дамп данных таблицы `messages`
--

INSERT INTO `messages` (`id`, `user_id`, `message`, `created`) VALUES
(1, 4, 'hahahha', '2023-11-14 10:29:24'),
(2, 1, 'hihihi', '2023-11-14 10:29:53'),
(3, 4, 'hohohohohooooo', '2023-11-14 10:33:36'),
(4, 4, 'иди в попу!', '2023-11-14 11:08:25'),
(5, 4, 'сам иди', '2023-11-29 08:27:05'),
(6, 1, 'ща втащу!', '2023-11-29 08:27:13'),
(7, 1, 'fdfgdfgsdg', '2023-12-12 11:17:54'),
(8, 1, 'rtyr546', '2023-12-12 11:18:01'),
(9, 4, '1111', '2023-12-12 11:20:28');

-- --------------------------------------------------------

--
-- Структура таблицы `users`
--

CREATE TABLE `users` (
  `id` bigint(20) NOT NULL,
  `login` varchar(256) NOT NULL,
  `password` varchar(256) NOT NULL,
  `name` varchar(256) NOT NULL,
  `token` varchar(256) DEFAULT NULL
) ENGINE=InnoDB DEFAULT CHARSET=utf8;

--
-- Дамп данных таблицы `users`
--

INSERT INTO `users` (`id`, `login`, `password`, `name`, `token`) VALUES
(1, 'vasya', '4a2d247d0c05a4f798b0b03839d94cf0', 'Vasya Ivanoff', 'c6da0739ff51490155feef23aacb611f'),
(2, 'petya', '321', 'Petya Petroff', NULL),
(4, 'masha', 'ebf191604221bd6bc7af3f959d41b5eb', 'Masha', 'e51062d8aec60d17c83533a4a8ed89af');

--
-- Индексы сохранённых таблиц
--

--
-- Индексы таблицы `game`
--
ALTER TABLE `game`
  ADD PRIMARY KEY (`id`);

--
-- Индексы таблицы `gamers`
--
ALTER TABLE `gamers`
  ADD PRIMARY KEY (`id`);

--
-- Индексы таблицы `messages`
--
ALTER TABLE `messages`
  ADD PRIMARY KEY (`id`);

--
-- Индексы таблицы `users`
--
ALTER TABLE `users`
  ADD PRIMARY KEY (`id`),
  ADD UNIQUE KEY `login` (`login`);

--
-- AUTO_INCREMENT для сохранённых таблиц
--

--
-- AUTO_INCREMENT для таблицы `game`
--
ALTER TABLE `game`
  MODIFY `id` int(11) NOT NULL AUTO_INCREMENT, AUTO_INCREMENT=2;

--
-- AUTO_INCREMENT для таблицы `gamers`
--
ALTER TABLE `gamers`
  MODIFY `id` int(11) NOT NULL AUTO_INCREMENT, AUTO_INCREMENT=5;

--
-- AUTO_INCREMENT для таблицы `messages`
--
ALTER TABLE `messages`
  MODIFY `id` int(11) NOT NULL AUTO_INCREMENT, AUTO_INCREMENT=10;

--
-- AUTO_INCREMENT для таблицы `users`
--
ALTER TABLE `users`
  MODIFY `id` bigint(20) NOT NULL AUTO_INCREMENT, AUTO_INCREMENT=5;
COMMIT;

/*!40101 SET CHARACTER_SET_CLIENT=@OLD_CHARACTER_SET_CLIENT */;
/*!40101 SET CHARACTER_SET_RESULTS=@OLD_CHARACTER_SET_RESULTS */;
/*!40101 SET COLLATION_CONNECTION=@OLD_COLLATION_CONNECTION */;
